n,d,degree,seed,basis_size_m,generator_type,solver,method,round,status,value,solve_time,wall_time,error,basis_condition
2,2,4,0,6,hard_sos_random_psd_gram,CLARABEL,sos,0,optimal,0.13356823602446713,0.000814593,0.031551997060887516,,1.0
2,2,4,0,6,hard_sos_random_psd_gram,CLARABEL,sdsos_plus,0,optimal,-694.2488907512202,0.001652362,0.10454620898235589,,1.0
2,2,4,0,6,hard_sos_random_psd_gram,CLARABEL,sdsos_plus,1,optimal,-4.053912358757626,0.001517597,0.12456125405151397,,149.17375751690298
2,2,4,0,6,hard_sos_random_psd_gram,CLARABEL,sdsos_plus,2,optimal,0.0006963564418475792,0.001111517,0.10089192306622863,,18.736817374815413
2,2,4,0,6,hard_sos_random_psd_gram,CLARABEL,sdsos_plus,3,optimal,0.11109492754372044,0.001134621,0.10251069697551429,,58.073310767802255
2,2,4,0,6,hard_sos_random_psd_gram,CLARABEL,sdsos_plus,4,optimal,0.1335350013841619,0.001311968,0.09938730706926435,,189.41435647966117
2,2,4,0,6,hard_sos_random_psd_gram,CLARABEL,sdsos_plus,5,optimal,0.13356808028474942,0.001028402,0.10512709303293377,,292.908596991454
2,2,4,0,6,hard_sos_random_psd_gram,CLARABEL,sdsos_plus,6,optimal,0.1335681052422498,0.00095564,0.12709012208506465,,4501.975768734468
2,2,4,0,6,hard_sos_random_psd_gram,CLARABEL,sdsos_plus,7,optimal,0.13356812948881322,0.000812612,0.10514337697532028,,5158.004277574303
2,2,4,0,6,hard_sos_random_psd_gram,CLARABEL,sdsos_plus,8,optimal,0.13356814286180574,0.000752902,0.10262272006366402,,6160.346901705711
2,2,4,0,6,hard_sos_random_psd_gram,CLARABEL,sdsos_plus,9,optimal,0.13356815148449339,0.000780447,0.1018807899672538,,7047.866638931096
2,2,4,0,6,hard_sos_random_psd_gram,CLARABEL,sdsos_plus,10,optimal,0.13356815750625756,0.000755151,0.1027721450664103,,7882.959731165777
2,2,4,0,6,hard_sos_random_psd_gram,CLARABEL,sos_basis_sdsos,0,optimal,0.13356818190933675,0.000713659,0.12076433200854808,,99306.91720194806
2,2,4,1,6,hard_sos_random_psd_gram,CLARABEL,sos,0,optimal,0.017193560585397647,0.000764731,0.02893659006804228,,1.0
2,2,4,1,6,hard_sos_random_psd_gram,CLARABEL,sdsos_plus,0,infeasible,-inf,0.001484943,0.09893692296463996,,1.0
2,2,4,1,6,hard_sos_random_psd_gram,CLARABEL,sos_basis_sdsos,0,optimal,0.017192779716520702,0.000766467,0.10096984100528061,,190809.29066327555
2,2,4,2,6,hard_sos_random_psd_gram,CLARABEL,sos,0,optimal,0.005101027504257142,0.000643051,0.027101367013528943,,1.0
2,2,4,2,6,hard_sos_random_psd_gram,CLARABEL,sdsos_plus,0,infeasible,-inf,0.001374231,0.10388909198809415,,1.0
2,2,4,2,6,hard_sos_random_psd_gram,CLARABEL,sos_basis_sdsos,0,optimal,0.005100993248333416,0.000744572,0.10292565904092044,,333107.4696038697
2,2,4,3,6,hard_sos_random_psd_gram,CLARABEL,sos,0,optimal,0.04129795093797926,0.000755919,0.028120015049353242,,1.0
2,2,4,3,6,hard_sos_random_psd_gram,CLARABEL,sdsos_plus,0,optimal,-2185.907019231919,0.001835518,0.12823750800453126,,1.0
2,2,4,3,6,hard_sos_random_psd_gram,CLARABEL,sdsos_plus,1,optimal,-55.60100829909272,0.001530818,0.10513094207271934,,420.33791566043806
2,2,4,3,6,hard_sos_random_psd_gram,CLARABEL,sdsos_plus,2,optimal,-6.176795955086692,0.001234054,0.1039684679126367,,96.01795829913796
2,2,4,3,6,hard_sos_random_psd_gram,CLARABEL,sdsos_plus,3,optimal,-2.9194788178616893,0.000971966,0.10340198106132448,,76.16006680594649
2,2,4,3,6,hard_sos_random_psd_gram,CLARABEL,sdsos_plus,4,optimal,-1.0806448079186963,0.001164807,0.10281471407506615,,149.67101732408963
2,2,4,3,6,hard_sos_random_psd_gram,CLARABEL,sdsos_plus,5,optimal,-0.4100328124401472,0.001134417,0.12198277190327644,,101.65590275492481
2,2,4,3,6,hard_sos_random_psd_gram,CLARABEL,sdsos_plus,6,optimal,-0.13825178612429112,0.001205002,0.10239428700879216,,140.63065468907962
2,2,4,3,6,hard_sos_random_psd_gram,CLARABEL,sdsos_plus,7,optimal,0.0020217060765757534,0.00120211,0.10192747204564512,,215.13966348958056
2,2,4,3,6,hard_sos_random_psd_gram,CLARABEL,sdsos_plus,8,optimal,0.029387597756312583,0.001020287,0.10034316102974117,,130.5618802425562
2,2,4,3,6,hard_sos_random_psd_gram,CLARABEL,sdsos_plus,9,optimal,0.0399556443672473,0.001158133,0.10155592404771596,,146.86976337546832
2,2,4,3,6,hard_sos_random_psd_gram,CLARABEL,sdsos_plus,10,optimal,0.04128367343981576,0.001332127,0.10173308895900846,,256.90534460980444
2,2,4,3,6,hard_sos_random_psd_gram,CLARABEL,sos_basis_sdsos,0,optimal,0.04129777521745947,0.000678708,0.09882986498996615,,342670.80730234756
2,2,4,4,6,hard_sos_random_psd_gram,CLARABEL,sos,0,optimal,0.019903160084920744,0.000694263,0.027360706008039415,,1.0
2,2,4,4,6,hard_sos_random_psd_gram,CLARABEL,sdsos_plus,0,optimal_inaccurate,-1544.4073839530045,0.001551579,0.1065738289617002,,1.0
2,2,4,4,6,hard_sos_random_psd_gram,CLARABEL,sdsos_plus,1,optimal,-13.767750509002102,0.001463794,0.1045480789616704,,243.40099445130826
2,2,4,4,6,hard_sos_random_psd_gram,CLARABEL,sdsos_plus,2,optimal,-0.13021912327124885,0.001297272,0.10302156093530357,,16.153060342680543
2,2,4,4,6,hard_sos_random_psd_gram,CLARABEL,sdsos_plus,3,optimal,0.01830432358759248,0.001092684,0.10285214008763433,,21.81653010872955
2,2,4,4,6,hard_sos_random_psd_gram,CLARABEL,sdsos_plus,4,optimal,0.019902690023806208,0.001222835,0.10038209904450923,,152.9595516830062
2,2,4,4,6,hard_sos_random_psd_gram,CLARABEL,sdsos_plus,5,optimal,0.019902752806241972,0.000766257,0.10806476196739823,,14881.889390754617
2,2,4,4,6,hard_sos_random_psd_gram,CLARABEL,sdsos_plus,6,optimal,0.019902788148329215,0.000740583,0.10264045000076294,,19073.049937385676
2,2,4,4,6,hard_sos_random_psd_gram,CLARABEL,sdsos_plus,7,optimal,0.019902806347863677,0.000735482,0.10175523010548204,,23836.30116074432
2,2,4,4,6,hard_sos_random_psd_gram,CLARABEL,sdsos_plus,8,optimal,0.019902816768140173,0.000696901,0.10189971094951034,,28277.178903865395
2,2,4,4,6,hard_sos_random_psd_gram,CLARABEL,sdsos_plus,9,optimal,0.019902823549378876,0.00072421,0.12349705002270639,,32304.370199199257
2,2,4,4,6,hard_sos_random_psd_gram,CLARABEL,sdsos_plus,10,optimal,0.01990282829814539,0.00074708,0.10303138894960284,,36095.52306385928
2,2,4,4,6,hard_sos_random_psd_gram,CLARABEL,sos_basis_sdsos,0,optimal,0.01990284233434635,0.000735489,0.10210773895960301,,254878.79426038027
2,2,4,5,6,hard_sos_random_psd_gram,CLARABEL,sos,0,optimal,0.10451342088703804,0.000630741,0.025605716975405812,,1.0
2,2,4,5,6,hard_sos_random_psd_gram,CLARABEL,sdsos_plus,0,optimal,-818.7509438030094,0.001456453,0.1070720759453252,,1.0
2,2,4,5,6,hard_sos_random_psd_gram,CLARABEL,sdsos_plus,1,optimal,-8.296296854942083,0.00147482,0.10366982908453792,,85.29810175358831
2,2,4,5,6,hard_sos_random_psd_gram,CLARABEL,sdsos_plus,2,optimal,0.06634238289151849,0.001048266,0.12489767500665039,,10.309275193280222
2,2,4,5,6,hard_sos_random_psd_gram,CLARABEL,sdsos_plus,3,optimal,0.10403578864900641,0.001089263,0.1044706969987601,,21.849856148758217
2,2,4,5,6,hard_sos_random_psd_gram,CLARABEL,sdsos_plus,4,optimal,0.10451084368271572,0.001105603,0.10269858001265675,,120.42370342614542
2,2,4,5,6,hard_sos_random_psd_gram,CLARABEL,sdsos_plus,5,optimal,0.10451334143860028,0.000941697,0.10195970407221466,,1461.8523809973592
2,2,4,5,6,hard_sos_random_psd_gram,CLARABEL,sdsos_plus,6,optimal,0.10451335369155089,0.000809883,0.10180571803357452,,9554.244247518434
2,2,4,5,6,hard_sos_random_psd_gram,CLARABEL,sdsos_plus,7,optimal,0.10451336308891024,0.000795828,0.12707323394715786,,10777.331826816271
2,2,4,5,6,hard_sos_random_psd_gram,CLARABEL,sdsos_plus,8,optimal,0.10451336949424335,0.000751935,0.10345928801689297,,12097.050378200036
2,2,4,5,6,hard_sos_random_psd_gram,CLARABEL,sdsos_plus,9,optimal,0.10451337415263588,0.000772657,0.10277177102398127,,13336.990453845203
2,2,4,5,6,hard_sos_random_psd_gram,CLARABEL,sdsos_plus,10,optimal,0.10451337769738403,0.000749813,0.10286776698194444,,14530.822370553109
2,2,4,5,6,hard_sos_random_psd_gram,CLARABEL,sos_basis_sdsos,0,optimal,0.10451339144693242,0.000746616,0.10339009901508689,,197809.14656652478
2,2,4,6,6,hard_sos_random_psd_gram,CLARABEL,sos,0,optimal,0.004662027611842004,0.000676167,0.02745309902820736,,1.0
2,2,4,6,6,hard_sos_random_psd_gram,CLARABEL,sdsos_plus,0,infeasible,-inf,0.00189183,0.12740377301815897,,1.0
2,2,4,6,6,hard_sos_random_psd_gram,CLARABEL,sos_basis_sdsos,0,optimal,0.004661798847114119,0.000762027,0.10464349994435906,,370003.7518760926
2,2,4,7,6,hard_sos_random_psd_gram,CLARABEL,sos,0,optimal,0.010404534592431994,0.000550822,0.028235818026587367,,1.0
2,2,4,7,6,hard_sos_random_psd_gram,CLARABEL,sdsos_plus,0,optimal,-0.15456169113051127,0.000712687,0.10757027904037386,,1.0
2,2,4,7,6,hard_sos_random_psd_gram,CLARABEL,sdsos_plus,1,optimal,0.010199664038890744,0.001249759,0.11055090499576181,,5.3843030824264835
2,2,4,7,6,hard_sos_random_psd_gram,CLARABEL,sdsos_plus,2,optimal,0.010401535115161755,0.001290079,0.1053162650205195,,165.47001947175505
2,2,4,7,6,hard_sos_random_psd_gram,CLARABEL,sdsos_plus,3,optimal,0.010404484323530805,0.000959973,0.1242093559121713,,924.520179049827
2,2,4,7,6,hard_sos_random_psd_gram,CLARABEL,sdsos_plus,4,optimal,0.010404511757701407,0.000730962,0.10599515005014837,,4871.214137562456
2,2,4,7,6,hard_sos_random_psd_gram,CLARABEL,sdsos_plus,5,optimal,0.010404531331520842,0.000750036,0.10566926398314536,,5718.036049259186
2,2,4,7,6,hard_sos_random_psd_gram,CLARABEL,sdsos_plus,6,optimal,0.010404543282155494,0.000737302,0.10377225303091109,,6673.55033869499
2,2,4,7,6,hard_sos_random_psd_gram,CLARABEL,sdsos_plus,7,optimal,0.010404551023458126,0.000720424,0.10304296493995935,,7567.9990721608965
2,2,4,7,6,hard_sos_random_psd_gram,CLARABEL,sdsos_plus,8,optimal,0.010404556472074384,0.000694245,0.12345952400937676,,8394.403050009434
2,2,4,7,6,hard_sos_random_psd_gram,CLARABEL,sdsos_plus,9,optimal,0.010404560516103431,0.000744525,0.10391370300203562,,9179.541804351267
2,2,4,7,6,hard_sos_random_psd_gram,CLARABEL,sdsos_plus,10,optimal,0.010404563634114674,0.000750518,0.10306689608842134,,9936.949993822449
2,2,4,7,6,hard_sos_random_psd_gram,CLARABEL,sos_basis_sdsos,0,optimal,0.010404523848001845,0.000803502,0.10253148793708533,,141530.563272346
2,2,4,8,6,hard_sos_random_psd_gram,CLARABEL,sos,0,optimal,0.008717496225461044,0.000639791,0.027643130044452846,,1.0
2,2,4,8,6,hard_sos_random_psd_gram,CLARABEL,sdsos_plus,0,optimal_inaccurate,-73602.64183541239,0.001805878,0.10895372601225972,,1.0
2,2,4,8,6,hard_sos_random_psd_gram,CLARABEL,sdsos_plus,1,optimal,-275.9198886185961,0.001581791,0.13389264000579715,,1913.7751867072482
2,2,4,8,6,hard_sos_random_psd_gram,CLARABEL,sdsos_plus,2,optimal,-0.26898539170867897,0.001489895,0.10372422204818577,,104.12711345876124
2,2,4,8,6,hard_sos_random_psd_gram,CLARABEL,sdsos_plus,3,optimal,0.008717135539812038,0.001280395,0.10335919901262969,,27.947240355495452
2,2,4,8,6,hard_sos_random_psd_gram,CLARABEL,sdsos_plus,4,optimal,0.00871718657439933,0.00069792,0.10199433099478483,,20711.865492510748
2,2,4,8,6,hard_sos_random_psd_gram,CLARABEL,sdsos_plus,5,optimal,0.008717240771001037,0.000832594,0.10281663597561419,,25430.571673526647
2,2,4,8,6,hard_sos_random_psd_gram,CLARABEL,sdsos_plus,6,optimal,0.008717259869166613,0.000994899,0.10107116494327784,,37413.59896255109
2,2,4,8,6,hard_sos_random_psd_gram,CLARABEL,sdsos_plus,7,optimal,0.00871726265417375,0.000756111,0.12665819295216352,,49054.96883040045
2,2,4,8,6,hard_sos_random_psd_gram,CLARABEL,sdsos_plus,8,exception,,,0.10339884390123188,"SolverError(""Solver 'CLARABEL' failed. Try another solver, or solve with verbose=True for more information."")",51830.02779373421
2,2,4,8,6,hard_sos_random_psd_gram,CLARABEL,sos_basis_sdsos,0,optimal,0.00871726658924911,0.000736929,0.10810456599574536,,350872.1108845769
2,2,4,9,6,hard_sos_random_psd_gram,CLARABEL,sos,0,optimal,0.050991406012857905,0.000531949,0.028869600035250187,,1.0
2,2,4,9,6,hard_sos_random_psd_gram,CLARABEL,sdsos_plus,0,infeasible,-inf,0.001658144,0.10717104095965624,,1.0
2,2,4,9,6,hard_sos_random_psd_gram,CLARABEL,sos_basis_sdsos,0,optimal,0.050991341654187824,0.000848159,0.10356945905368775,,238727.8399370962
2,3,6,0,10,hard_sos_random_psd_gram,CLARABEL,sos,0,optimal,0.0875351427330895,0.001645551,0.08264328399673104,,1.0
2,3,6,0,10,hard_sos_random_psd_gram,CLARABEL,sdsos_plus,0,infeasible,-inf,0.005178818,0.28140841901768,,1.0
2,3,6,0,10,hard_sos_random_psd_gram,CLARABEL,sos_basis_sdsos,0,optimal,0.0875350777687731,0.002841571,0.3119407189078629,,270289.4554469258
2,3,6,1,10,hard_sos_random_psd_gram,CLARABEL,sos,0,optimal,0.3162570678272185,0.001721209,0.06121083500329405,,1.0
2,3,6,1,10,hard_sos_random_psd_gram,CLARABEL,sdsos_plus,0,exception,,,0.27992439398076385,"SolverError(""Solver 'CLARABEL' failed. Try another solver, or solve with verbose=True for more information."")",1.0
2,3,6,1,10,hard_sos_random_psd_gram,CLARABEL,sos_basis_sdsos,0,optimal,0.3162571086053182,0.002899732,0.30914994596969336,,9242.287433901738
2,3,6,2,10,hard_sos_random_psd_gram,CLARABEL,sos,0,optimal,0.20285759705218245,0.002643819,0.06305900297593325,,1.0
2,3,6,2,10,hard_sos_random_psd_gram,CLARABEL,sdsos_plus,0,exception,,,0.3193119370844215,"SolverError(""Solver 'CLARABEL' failed. Try another solver, or solve with verbose=True for more information."")",1.0
2,3,6,2,10,hard_sos_random_psd_gram,CLARABEL,sos_basis_sdsos,0,optimal,0.20285754204218867,0.002822587,0.2834489360684529,,351729.28691979754
2,3,6,3,10,hard_sos_random_psd_gram,CLARABEL,sos,0,optimal,0.09391231331712989,0.002221532,0.05908610997721553,,1.0
2,3,6,3,10,hard_sos_random_psd_gram,CLARABEL,sdsos_plus,0,optimal,-94246.40852763278,0.006219894,0.30755905504338443,,1.0
2,3,6,3,10,hard_sos_random_psd_gram,CLARABEL,sdsos_plus,1,optimal,-53.96658742795899,0.007268041,0.28868714498821646,,475.1648603662864
2,3,6,3,10,hard_sos_random_psd_gram,CLARABEL,sdsos_plus,2,optimal,-1.7666248914896718,0.004596071,0.3109428599709645,,17.402437563943185
2,3,6,3,10,hard_sos_random_psd_gram,CLARABEL,sdsos_plus,3,optimal,-0.45148577682618746,0.003844125,0.28472597303334624,,17.03913175617358
2,3,6,3,10,hard_sos_random_psd_gram,CLARABEL,sdsos_plus,4,optimal,-0.1582255286374229,0.004903728,0.2865479600150138,,59.40598550818075
2,3,6,3,10,hard_sos_random_psd_gram,CLARABEL,sdsos_plus,5,optimal,0.03520082763235956,0.00484206,0.30887166096363217,,54.38797589760933
2,3,6,3,10,hard_sos_random_psd_gram,CLARABEL,sdsos_plus,6,optimal,0.08887867858460569,0.004383217,0.2853574480395764,,72.47308090554257
2,3,6,3,10,hard_sos_random_psd_gram,CLARABEL,sdsos_plus,7,optimal,0.09372375739692784,0.004307749,0.3081074700457975,,186.58722778797647
2,3,6,3,10,hard_sos_random_psd_gram,CLARABEL,sdsos_plus,8,optimal,0.09391212963960914,0.004639961,0.2835324739571661,,717.0756644111739
2,3,6,3,10,hard_sos_random_psd_gram,CLARABEL,sdsos_plus,9,optimal,0.09391223767110608,0.003171788,0.3054991939570755,,20539.186580852165
2,3,6,3,10,hard_sos_random_psd_gram,CLARABEL,sdsos_plus,10,optimal,0.09391223873463149,0.002236079,0.28085611504502594,,40807.106003227884
2,3,6,3,10,hard_sos_random_psd_gram,CLARABEL,sos_basis_sdsos,0,optimal,0.09391227494918984,0.002795107,0.30325202306266874,,497246.16800079495
2,3,6,4,10,hard_sos_random_psd_gram,CLARABEL,sos,0,optimal,0.020012561071006185,0.001903385,0.060398817993700504,,1.0
2,3,6,4,10,hard_sos_random_psd_gram,CLARABEL,sdsos_plus,0,optimal,-3566.272447638653,0.004479144,0.30282655800692737,,1.0
2,3,6,4,10,hard_sos_random_psd_gram,CLARABEL,sdsos_plus,1,optimal,-41.179707294921386,0.006540357,0.2864892240613699,,85.83282837240326
2,3,6,4,10,hard_sos_random_psd_gram,CLARABEL,sdsos_plus,2,optimal,-3.6560273447025837,0.004000753,0.31194357108324766,,14.647114551377747
2,3,6,4,10,hard_sos_random_psd_gram,CLARABEL,sdsos_plus,3,optimal,-1.5347682673720808,0.003795194,0.2828955599106848,,62.159850045024065
2,3,6,4,10,hard_sos_random_psd_gram,CLARABEL,sdsos_plus,4,optimal,-0.5362281599803305,0.003497717,0.31673596997279674,,118.14203927846371
2,3,6,4,10,hard_sos_random_psd_gram,CLARABEL,sdsos_plus,5,optimal,-0.3163839572400488,0.004315868,0.2845101689454168,,170.94872638511896
2,3,6,4,10,hard_sos_random_psd_gram,CLARABEL,sdsos_plus,6,optimal,-0.1881378684713523,0.004837701,0.2831081209005788,,240.8739619181728
2,3,6,4,10,hard_sos_random_psd_gram,CLARABEL,sdsos_plus,7,optimal,-0.10187688478696613,0.004507458,0.30453841807320714,,181.34140014578205
2,3,6,4,10,hard_sos_random_psd_gram,CLARABEL,sdsos_plus,8,optimal,-0.05123354423973507,0.004734219,0.2829160199034959,,196.37704643865678
2,3,6,4,10,hard_sos_random_psd_gram,CLARABEL,sdsos_plus,9,optimal,-0.025385371384558517,0.004672576,0.31509589799679816,,224.1980247651255
2,3,6,4,10,hard_sos_random_psd_gram,CLARABEL,sdsos_plus,10,optimal,-0.007336099225994032,0.004890563,0.2931717960163951,,223.71527593343177
2,3,6,4,10,hard_sos_random_psd_gram,CLARABEL,sos_basis_sdsos,0,exception,,,0.2988402439514175,"SolverError(""Solver 'CLARABEL' failed. Try another solver, or solve with verbose=True for more information."")",332929.908018064
2,3,6,5,10,hard_sos_random_psd_gram,CLARABEL,sos,0,optimal,0.18507480594764875,0.001855219,0.060047133010812104,,1.0
2,3,6,5,10,hard_sos_random_psd_gram,CLARABEL,sdsos_plus,0,infeasible,-inf,0.005682431,0.27245770092122257,,1.0
2,3,6,5,10,hard_sos_random_psd_gram,CLARABEL,sos_basis_sdsos,0,optimal,0.18507372855261026,0.002929955,0.28198880597483367,,284978.61808921763
2,3,6,6,10,hard_sos_random_psd_gram,CLARABEL,sos,0,optimal,0.16311526639638813,0.002178233,0.06092890806030482,,1.0
2,3,6,6,10,hard_sos_random_psd_gram,CLARABEL,sdsos_plus,0,optimal_inaccurate,-290881.088184785,0.005880351,0.30068906396627426,,1.0
2,3,6,6,10,hard_sos_random_psd_gram,CLARABEL,sdsos_plus,1,optimal,-472.5946594858424,0.007650746,0.3144291649805382,,1907.6417879894307
2,3,6,6,10,hard_sos_random_psd_gram,CLARABEL,sdsos_plus,2,optimal,-32.86770463634389,0.006199434,0.3693895690375939,,102.15003652917365
2,3,6,6,10,hard_sos_random_psd_gram,CLARABEL,sdsos_plus,3,optimal,-6.695818260922312,0.003898194,0.3156941089546308,,83.37189229140616
2,3,6,6,10,hard_sos_random_psd_gram,CLARABEL,sdsos_plus,4,optimal,-1.574593847367887,0.004085501,0.3104482570197433,,80.1549042306758
2,3,6,6,10,hard_sos_random_psd_gram,CLARABEL,sdsos_plus,5,optimal,-0.3198238993119554,0.003868275,0.30927322106435895,,95.27927457538104
2,3,6,6,10,hard_sos_random_psd_gram,CLARABEL,sdsos_plus,6,optimal,-0.040049625711182035,0.005751419,0.28664281696546823,,589.6056272922983
2,3,6,6,10,hard_sos_random_psd_gram,CLARABEL,sdsos_plus,7,optimal,0.08477703134976296,0.004840626,0.3076631349977106,,184.38151619991237
2,3,6,6,10,hard_sos_random_psd_gram,CLARABEL,sdsos_plus,8,optimal,0.13281518710228526,0.004609514,0.28681785298977047,,195.7041155578454
2,3,6,6,10,hard_sos_random_psd_gram,CLARABEL,sdsos_plus,9,optimal,0.15298191443074047,0.004798578,0.30626753403339535,,322.7311404002965
2,3,6,6,10,hard_sos_random_psd_gram,CLARABEL,sdsos_plus,10,optimal,0.16067226659376627,0.004274627,0.2815479019191116,,514.3243883628978
2,3,6,6,10,hard_sos_random_psd_gram,CLARABEL,sos_basis_sdsos,0,optimal,0.1631152274764733,0.002762236,0.30149588303174824,,404941.73932994844
2,3,6,7,10,hard_sos_random_psd_gram,CLARABEL,sos,0,optimal,0.41496124455536243,0.0019739,0.05869862192776054,,1.0
2,3,6,7,10,hard_sos_random_psd_gram,CLARABEL,sdsos_plus,0,optimal,-6474.6665773668665,0.005850316,0.30210978200193495,,1.0
2,3,6,7,10,hard_sos_random_psd_gram,CLARABEL,sdsos_plus,1,optimal,-2.2811864029894013,0.007740877,0.2839266558876261,,421.882824344756
2,3,6,7,10,hard_sos_random_psd_gram,CLARABEL,sdsos_plus,2,optimal,0.4058819622389679,0.004498577,0.3031666741007939,,10.49245783225539
2,3,6,7,10,hard_sos_random_psd_gram,CLARABEL,sdsos_plus,3,optimal,0.4149419238904654,0.004555054,0.27800036198459566,,48.74598348979635
2,3,6,7,10,hard_sos_random_psd_gram,CLARABEL,sdsos_plus,4,optimal,0.4149610943266075,0.00368814,0.3036607949761674,,531.6783123225404
2,3,6,7,10,hard_sos_random_psd_gram,CLARABEL,sdsos_plus,5,optimal,0.41496121120092466,0.002974171,0.27903549699112773,,5833.217867290447
2,3,6,7,10,hard_sos_random_psd_gram,CLARABEL,sdsos_plus,6,optimal,0.41496121188893087,0.002946002,0.3025906910188496,,13128.964133089192
2,3,6,7,10,hard_sos_random_psd_gram,CLARABEL,sdsos_plus,7,optimal,0.4149612320178344,0.003335347,0.29279754601884633,,13284.108188647146
2,3,6,7,10,hard_sos_random_psd_gram,CLARABEL,sdsos_plus,8,optimal,0.4149612320004661,0.002502247,0.2797630720306188,,21557.510873002437
2,3,6,7,10,hard_sos_random_psd_gram,CLARABEL,sdsos_plus,9,optimal,0.4149612344209122,0.003032163,0.32714090298395604,,21560.381583156995
2,3,6,7,10,hard_sos_random_psd_gram,CLARABEL,sdsos_plus,10,optimal,0.4149612344170368,0.002598944,0.2790023860288784,,24027.70108363296
2,3,6,7,10,hard_sos_random_psd_gram,CLARABEL,sos_basis_sdsos,0,optimal,0.4149612136278365,0.003494801,0.30434252496343106,,192634.226274852
2,3,6,8,10,hard_sos_random_psd_gram,CLARABEL,sos,0,optimal,1.2983432085837912,0.002118133,0.059394318028353155,,1.0
2,3,6,8,10,hard_sos_random_psd_gram,CLARABEL,sdsos_plus,0,exception,,,0.2734343120828271,"SolverError(""Solver 'CLARABEL' failed. Try another solver, or solve with verbose=True for more information."")",1.0
2,3,6,8,10,hard_sos_random_psd_gram,CLARABEL,sos_basis_sdsos,0,optimal,1.2983430661512905,0.002689848,0.30021229898557067,,405868.8222265503
2,3,6,9,10,hard_sos_random_psd_gram,CLARABEL,sos,0,optimal,0.19725515012254075,0.001924294,0.06089530908502638,,1.0
2,3,6,9,10,hard_sos_random_psd_gram,CLARABEL,sdsos_plus,0,optimal_inaccurate,-271002.70533447753,0.006141042,0.2977654159767553,,1.0
2,3,6,9,10,hard_sos_random_psd_gram,CLARABEL,sdsos_plus,1,optimal,-126.7974988742353,0.009882876,0.28530844300985336,,3027.7876184189863
2,3,6,9,10,hard_sos_random_psd_gram,CLARABEL,sdsos_plus,2,optimal,-5.373067141232726,0.006362148,0.3129042809596285,,191.89539038165626
2,3,6,9,10,hard_sos_random_psd_gram,CLARABEL,sdsos_plus,3,optimal,-1.2327378194355527,0.004236271,0.28076980100013316,,81.35032023122064
2,3,6,9,10,hard_sos_random_psd_gram,CLARABEL,sdsos_plus,4,optimal,-0.22415820820829507,0.004118472,0.30174707900732756,,142.15615142773052
2,3,6,9,10,hard_sos_random_psd_gram,CLARABEL,sdsos_plus,5,optimal,0.09791948861360845,0.00522235,0.2809913610108197,,346.28305931836303
2,3,6,9,10,hard_sos_random_psd_gram,CLARABEL,sdsos_plus,6,optimal,0.17143538726396365,0.00422841,0.30203445302322507,,764.323518316117
2,3,6,9,10,hard_sos_random_psd_gram,CLARABEL,sdsos_plus,7,optimal,0.1884348886369911,0.007473323,0.3065308249788359,,2214.097975644117
2,3,6,9,10,hard_sos_random_psd_gram,CLARABEL,sdsos_plus,8,optimal,0.19617633113909164,0.008796301,0.283849315950647,,7571.005563554646
2,3,6,9,10,hard_sos_random_psd_gram,CLARABEL,sdsos_plus,9,optimal,0.19722894215784495,0.005309856,0.3057185400975868,,2311.4214520464225
2,3,6,9,10,hard_sos_random_psd_gram,CLARABEL,sdsos_plus,10,optimal,0.19725478375268496,0.004327946,0.2797695799963549,,1853.3598761213748
2,3,6,9,10,hard_sos_random_psd_gram,CLARABEL,sos_basis_sdsos,0,optimal,0.19725510189106743,0.002177405,0.29913381789810956,,288055.93021632405
3,2,4,0,10,hard_sos_random_psd_gram,CLARABEL,sos,0,optimal,0.0535615856661635,0.002059413,0.06367923994548619,,1.0
3,2,4,0,10,hard_sos_random_psd_gram,CLARABEL,sdsos_plus,0,infeasible,-inf,0.004396598,0.2717212690040469,,1.0
3,2,4,0,10,hard_sos_random_psd_gram,CLARABEL,sos_basis_sdsos,0,optimal,0.05356136069745539,0.003261865,0.28159518202301115,,268679.31347203924
3,2,4,1,10,hard_sos_random_psd_gram,CLARABEL,sos,0,optimal,0.17728612697417714,0.002291019,0.06472547305747867,,1.0
3,2,4,1,10,hard_sos_random_psd_gram,CLARABEL,sdsos_plus,0,infeasible,-inf,0.004574789,0.29788488196209073,,1.0
3,2,4,1,10,hard_sos_random_psd_gram,CLARABEL,sos_basis_sdsos,0,exception,,,0.27417661796789616,"SolverError(""Solver 'CLARABEL' failed. Try another solver, or solve with verbose=True for more information."")",232813.29126306874
3,2,4,2,10,hard_sos_random_psd_gram,CLARABEL,sos,0,optimal,0.19192774288537487,0.00228903,0.0629818580346182,,1.0
3,2,4,2,10,hard_sos_random_psd_gram,CLARABEL,sdsos_plus,0,infeasible,-inf,0.004353277,0.29486089502461255,,1.0
3,2,4,2,10,hard_sos_random_psd_gram,CLARABEL,sos_basis_sdsos,0,optimal,0.19192770007585339,0.003304044,0.3073900629533455,,343548.4895679851
3,2,4,3,10,hard_sos_random_psd_gram,CLARABEL,sos,0,optimal,0.2381900737877591,0.002280838,0.06395829503890127,,1.0
3,2,4,3,10,hard_sos_random_psd_gram,CLARABEL,sdsos_plus,0,infeasible,-inf,0.004354623,0.27171984896995127,,1.0
3,2,4,3,10,hard_sos_random_psd_gram,CLARABEL,sos_basis_sdsos,0,optimal,0.23819001327550876,0.00294261,0.30891748098656535,,520045.0923695023
3,2,4,4,10,hard_sos_random_psd_gram,CLARABEL,sos,0,optimal,0.06693108504161498,0.002133863,0.06483884807676077,,1.0
3,2,4,4,10,hard_sos_random_psd_gram,CLARABEL,sdsos_plus,0,infeasible,-inf,0.004607399,0.2777709619840607,,1.0
3,2,4,4,10,hard_sos_random_psd_gram,CLARABEL,sos_basis_sdsos,0,optimal,0.06693106690908274,0.0030231,0.28975855302996933,,317035.64497969236
3,2,4,5,10,hard_sos_random_psd_gram,CLARABEL,sos,0,optimal,0.2378493338328289,0.001879207,0.06556292297318578,,1.0
3,2,4,5,10,hard_sos_random_psd_gram,CLARABEL,sdsos_plus,0,infeasible,-inf,0.00397359,0.31729156302753836,,1.0
3,2,4,5,10,hard_sos_random_psd_gram,CLARABEL,sos_basis_sdsos,0,optimal,0.23784885879957665,0.003276803,0.28705270297359675,,285274.3786474276
3,2,4,6,10,hard_sos_random_psd_gram,CLARABEL,sos,0,optimal,0.1050436848725114,0.002054491,0.06390250800177455,,1.0
3,2,4,6,10,hard_sos_random_psd_gram,CLARABEL,sdsos_plus,0,infeasible,-inf,0.003845233,0.2957566740224138,,1.0
3,2,4,6,10,hard_sos_random_psd_gram,CLARABEL,sos_basis_sdsos,0,optimal,0.10504361510584068,0.003303954,0.30908491206355393,,415779.3739882368
3,2,4,7,10,hard_sos_random_psd_gram,CLARABEL,sos,0,optimal,0.4114843197129773,0.002097635,0.06315586995333433,,1.0
3,2,4,7,10,hard_sos_random_psd_gram,CLARABEL,sdsos_plus,0,infeasible,-inf,0.004589988,0.27530895196832716,,1.0
3,2,4,7,10,hard_sos_random_psd_gram,CLARABEL,sos_basis_sdsos,0,optimal,0.4114842263267579,0.003380369,0.30816389503888786,,226924.98433168035
3,2,4,8,10,hard_sos_random_psd_gram,CLARABEL,sos,0,optimal,0.39352232947100013,0.002286184,0.06542343704495579,,1.0
3,2,4,8,10,hard_sos_random_psd_gram,CLARABEL,sdsos_plus,0,infeasible,-inf,0.004301305,0.273210251936689,,1.0
3,2,4,8,10,hard_sos_random_psd_gram,CLARABEL,sos_basis_sdsos,0,optimal,0.39352227451741584,0.003012845,0.282896471908316,,400135.6558562277
3,2,4,9,10,hard_sos_random_psd_gram,CLARABEL,sos,0,optimal,0.02430601769467259,0.001635135,0.06428443803451955,,1.0
3,2,4,9,10,hard_sos_random_psd_gram,CLARABEL,sdsos_plus,0,infeasible,-inf,0.004249684,0.296352417091839,,1.0
3,2,4,9,10,hard_sos_random_psd_gram,CLARABEL,sos_basis_sdsos,0,optimal,0.02430566409255566,0.003817731,0.2894606679910794,,299361.09603148984
3,3,6,0,20,hard_sos_random_psd_gram,CLARABEL,sos,0,optimal,0.09464872760638993,0.021381754,0.2636591379996389,,1.0
3,3,6,0,20,hard_sos_random_psd_gram,CLARABEL,sdsos_plus,0,infeasible,-inf,0.025571318,1.157103682984598,,1.0
3,3,6,0,20,hard_sos_random_psd_gram,CLARABEL,sos_basis_sdsos,0,exception,,,2.0398185099475086,"SolverError(""Solver 'CLARABEL' failed. Try another solver, or solve with verbose=True for more information."")",351387.69346007425
3,3,6,1,20,hard_sos_random_psd_gram,CLARABEL,sos,0,optimal,0.8788840292015525,0.018060575,0.26106444792822003,,1.0
3,3,6,1,20,hard_sos_random_psd_gram,CLARABEL,sdsos_plus,0,infeasible,-inf,0.026499025,1.1489999470068142,,1.0
3,3,6,1,20,hard_sos_random_psd_gram,CLARABEL,sos_basis_sdsos,0,optimal,0.8788838571607722,0.022780007,1.4977261639432982,,406581.64341169904
3,3,6,2,20,hard_sos_random_psd_gram,CLARABEL,sos,0,optimal,0.8882317976408242,0.012392012,0.17638922098558396,,1.0
3,3,6,2,20,hard_sos_random_psd_gram,CLARABEL,sdsos_plus,0,infeasible_inaccurate,-inf,0.022894908,0.8168644320685416,,1.0
3,3,6,2,20,hard_sos_random_psd_gram,CLARABEL,sos_basis_sdsos,0,optimal,0.8882317008612485,0.02373304,1.50846978998743,,366995.9196324407
3,3,6,3,20,hard_sos_random_psd_gram,CLARABEL,sos,0,optimal,1.2313509024024458,0.015670821,0.1635420840466395,,1.0
3,3,6,3,20,hard_sos_random_psd_gram,CLARABEL,sdsos_plus,0,infeasible,-inf,0.018089666,0.813447484979406,,1.0
3,3,6,3,20,hard_sos_random_psd_gram,CLARABEL,sos_basis_sdsos,0,optimal,1.23135070167419,0.023008781,1.4617243809625506,,528482.1346206603
3,3,6,4,20,hard_sos_random_psd_gram,CLARABEL,sos,0,optimal,0.6954793719144259,0.015623329,0.16176195594016463,,1.0
3,3,6,4,20,hard_sos_random_psd_gram,CLARABEL,sdsos_plus,0,infeasible,-inf,0.017609981,0.8156452699331567,,1.0
3,3,6,4,20,hard_sos_random_psd_gram,CLARABEL,sos_basis_sdsos,0,exception,,,1.451615902944468,"SolverError(""Solver 'CLARABEL' failed. Try another solver, or solve with verbose=True for more information."")",454512.5573303006
3,3,6,5,20,hard_sos_random_psd_gram,CLARABEL,sos,0,optimal,0.6077902483834954,0.014746518,0.16283893398940563,,1.0
3,3,6,5,20,hard_sos_random_psd_gram,CLARABEL,sdsos_plus,0,infeasible,-inf,0.016442949,0.8228383800014853,,1.0
3,3,6,5,20,hard_sos_random_psd_gram,CLARABEL,sos_basis_sdsos,0,exception,,,1.4673644750146195,"SolverError(""Solver 'CLARABEL' failed. Try another solver, or solve with verbose=True for more information."")",401090.6882296399
3,3,6,6,20,hard_sos_random_psd_gram,CLARABEL,sos,0,optimal,1.037508905962692,0.016546393,0.16624680499080569,,1.0
3,3,6,6,20,hard_sos_random_psd_gram,CLARABEL,sdsos_plus,0,infeasible,-inf,0.015890926,0.8255990550387651,,1.0
3,3,6,6,20,hard_sos_random_psd_gram,CLARABEL,sos_basis_sdsos,0,exception,,,1.472833412932232,"SolverError(""Solver 'CLARABEL' failed. Try another solver, or solve with verbose=True for more information."")",485968.10487871204
3,3,6,7,20,hard_sos_random_psd_gram,CLARABEL,sos,0,optimal,1.1265965229055428,0.015298927,0.16178553900681436,,1.0
3,3,6,7,20,hard_sos_random_psd_gram,CLARABEL,sdsos_plus,0,infeasible,-inf,0.019291503,0.8443941660225391,,1.0
3,3,6,7,20,hard_sos_random_psd_gram,CLARABEL,sos_basis_sdsos,0,exception,,,1.5004344430053607,"SolverError(""Solver 'CLARABEL' failed. Try another solver, or solve with verbose=True for more information."")",354916.3354718865
3,3,6,8,20,hard_sos_random_psd_gram,CLARABEL,sos,0,optimal,3.1162690064658203,0.015293408,0.16821155697107315,,1.0
3,3,6,8,20,hard_sos_random_psd_gram,CLARABEL,sdsos_plus,0,infeasible,-inf,0.016184543,0.8497974190395325,,1.0
3,3,6,8,20,hard_sos_random_psd_gram,CLARABEL,sos_basis_sdsos,0,optimal,3.116268230301659,0.021260387,1.5095039600273594,,498673.2419277352
3,3,6,9,20,hard_sos_random_psd_gram,CLARABEL,sos,0,optimal,0.379070626322176,0.020618001,0.16957463801372796,,1.0
3,3,6,9,20,hard_sos_random_psd_gram,CLARABEL,sdsos_plus,0,infeasible,-inf,0.017210988,0.8445833940058947,,1.0
3,3,6,9,20,hard_sos_random_psd_gram,CLARABEL,sos_basis_sdsos,0,optimal,0.37907011558317855,0.022971776,1.517191386083141,,502709.4789653468
4,2,4,0,15,hard_sos_random_psd_gram,CLARABEL,sos,0,optimal,0.22377895228826603,0.005722263,0.10009114106651396,,1.0
4,2,4,0,15,hard_sos_random_psd_gram,CLARABEL,sdsos_plus,0,infeasible,-inf,0.007416925,0.4951022140448913,,1.0
4,2,4,0,15,hard_sos_random_psd_gram,CLARABEL,sos_basis_sdsos,0,optimal,0.22377816855879562,0.01023757,0.555494565051049,,367387.08016482374
4,2,4,1,15,hard_sos_random_psd_gram,CLARABEL,sos,0,optimal,0.2256467788225595,0.007502209,0.10073328902944922,,1.0
4,2,4,1,15,hard_sos_random_psd_gram,CLARABEL,sdsos_plus,0,infeasible,-inf,0.006617387,0.460945466067642,,1.0
4,2,4,1,15,hard_sos_random_psd_gram,CLARABEL,sos_basis_sdsos,0,exception,,,0.5402824369957671,"SolverError(""Solver 'CLARABEL' failed. Try another solver, or solve with verbose=True for more information."")",284896.11280967837
4,2,4,2,15,hard_sos_random_psd_gram,CLARABEL,sos,0,optimal,0.32482297653411174,0.00580421,0.09901775105390698,,1.0
4,2,4,2,15,hard_sos_random_psd_gram,CLARABEL,sdsos_plus,0,infeasible,-inf,0.007052362,0.46132160106208175,,1.0
4,2,4,2,15,hard_sos_random_psd_gram,CLARABEL,sos_basis_sdsos,0,exception,,,0.5410066900076345,"SolverError(""Solver 'CLARABEL' failed. Try another solver, or solve with verbose=True for more information."")",384567.71449962945
4,2,4,3,15,hard_sos_random_psd_gram,CLARABEL,sos,0,optimal,0.02995690833595356,0.005749573,0.09793369693215936,,1.0
4,2,4,3,15,hard_sos_random_psd_gram,CLARABEL,sdsos_plus,0,infeasible,-inf,0.006970374,0.4633902859641239,,1.0
4,2,4,3,15,hard_sos_random_psd_gram,CLARABEL,sos_basis_sdsos,0,optimal,0.029956823032810165,0.012036136,0.5561483280034736,,547474.9636728447
4,2,4,4,15,hard_sos_random_psd_gram,CLARABEL,sos,0,optimal,0.3207964559872227,0.006364771,0.09939603495877236,,1.0
4,2,4,4,15,hard_sos_random_psd_gram,CLARABEL,sdsos_plus,0,infeasible,-inf,0.007636629,0.46650596894323826,,1.0
4,2,4,4,15,hard_sos_random_psd_gram,CLARABEL,sos_basis_sdsos,0,optimal,0.32079639899428647,0.010272449,0.5785448949318379,,412967.8121559451
4,2,4,5,15,hard_sos_random_psd_gram,CLARABEL,sos,0,optimal,0.20063632471369605,0.005878817,0.09831197001039982,,1.0
4,2,4,5,15,hard_sos_random_psd_gram,CLARABEL,sdsos_plus,0,infeasible,-inf,0.006754242,0.4646891000447795,,1.0
4,2,4,5,15,hard_sos_random_psd_gram,CLARABEL,sos_basis_sdsos,0,exception,,,0.5645945760188624,"SolverError(""Solver 'CLARABEL' failed. Try another solver, or solve with verbose=True for more information."")",348613.6024640514
4,2,4,6,15,hard_sos_random_psd_gram,CLARABEL,sos,0,optimal,0.22233129995862638,0.007091944,0.09793240996077657,,1.0
4,2,4,6,15,hard_sos_random_psd_gram,CLARABEL,sdsos_plus,0,infeasible,-inf,0.007490997,0.46703593898564577,,1.0
4,2,4,6,15,hard_sos_random_psd_gram,CLARABEL,sos_basis_sdsos,0,exception,,,0.5469943850766867,"SolverError(""Solver 'CLARABEL' failed. Try another solver, or solve with verbose=True for more information."")",428582.43251928233
4,2,4,7,15,hard_sos_random_psd_gram,CLARABEL,sos,0,optimal,0.19312970974605911,0.005172547,0.09598511597141623,,1.0
4,2,4,7,15,hard_sos_random_psd_gram,CLARABEL,sdsos_plus,0,infeasible,-inf,0.008433603,0.4687792870681733,,1.0
4,2,4,7,15,hard_sos_random_psd_gram,CLARABEL,sos_basis_sdsos,0,optimal,0.19312965986481084,0.009826547,0.5508931289659813,,318714.95268589444
4,2,4,8,15,hard_sos_random_psd_gram,CLARABEL,sos,0,optimal,0.11230781099592119,0.005658499,0.11757735698483884,,1.0
4,2,4,8,15,hard_sos_random_psd_gram,CLARABEL,sdsos_plus,0,infeasible,-inf,0.006938416,0.46888998395297676,,1.0
4,2,4,8,15,hard_sos_random_psd_gram,CLARABEL,sos_basis_sdsos,0,optimal,0.11230775254017357,0.009864751,0.5516881099902093,,477696.5240886785
4,2,4,9,15,hard_sos_random_psd_gram,CLARABEL,sos,0,optimal,0.2743051758785842,0.00569694,0.11784129810985178,,1.0
4,2,4,9,15,hard_sos_random_psd_gram,CLARABEL,sdsos_plus,0,infeasible,-inf,0.007046059,0.46797431795857847,,1.0
4,2,4,9,15,hard_sos_random_psd_gram,CLARABEL,sos_basis_sdsos,0,optimal,0.2743049476795809,0.011056288,0.5547080729156733,,435247.7526972361
